{
 "ckpt": "runs/ft124m_free_k1_s1/best.pt",
 "H": 16,
 "kappa_bits": 1.0,
 "bit_stats": {
  "mean_p": [
   0.5007486939430237,
   0.4999036192893982,
   0.5001898407936096,
   0.4998103976249695,
   0.5002729892730713,
   0.5041788816452026,
   0.5001767873764038,
   0.5001514554023743,
   0.49995189905166626,
   0.5094883441925049,
   0.5001196265220642,
   0.5000264644622803,
   0.4995819926261902,
   0.5014655590057373,
   0.5000949501991272,
   0.5001025795936584
  ],
  "hardness": [
   0.0,
   0.0,
   0.0,
   0.0,
   0.0,
   0.2819051146507263,
   0.0,
   0.0,
   0.0,
   0.2595174014568329,
   0.0,
   0.0,
   0.0,
   0.275360107421875,
   0.0,
   0.0
  ],
  "kl_bits": [
   8.487523700750899e-06,
   9.239986866305117e-06,
   1.9684214294102276e-06,
   1.919647047543549e-06,
   1.2748068911605515e-05,
   0.32977619767189026,
   8.909398275136482e-06,
   4.571926638163859e-06,
   5.963593594060512e-06,
   0.33133307099342346,
   1.741008418321144e-05,
   1.2940103260916658e-05,
   3.4129930099879857e-06,
   0.3367241322994232,
   5.731221790483687e-06,
   6.805405973864254e-06
  ],
  "temporal_coherence": [
   0.5550179481506348,
   0.5013725757598877,
   0.4998696744441986,
   0.5217579007148743,
   0.5048835277557373,
   0.5026515126228333,
   0.4886608123779297,
   0.49734848737716675,
   0.4947315752506256,
   0.49237537384033203,
   0.4998900294303894,
   0.5050382614135742,
   0.5329301357269287,
   0.5028429627418518,
   0.5160862803459167,
   0.5070890188217163
  ]
 },
 "bit_feature_corr": {
  "position": [
   -0.002958898474731525,
   -0.0010966432045384357,
   -0.013889460990836336,
   0.0004623941637849671,
   0.005280434791774811,
   0.009815812905383168,
   0.00412971748952246,
   0.007602581961566244,
   0.00021535678346178833,
   0.002280845582783755,
   0.007212135210142629,
   -0.005460126579661291,
   0.002309993792381826,
   -0.0035117672433699486,
   0.01023962550488781,
   -0.004496560272605801
  ],
  "starts_space": [
   -0.0066247857905258525,
   0.01082704599903571,
   0.006239211350582666,
   -0.012911629761867228,
   -0.0052273834692210105,
   0.005094448266957986,
   -0.003781738195698995,
   0.011569492471929527,
   0.005983212421138997,
   0.01161143443245662,
   0.009488522739539628,
   -0.0036274315107266224,
   0.007712534892205481,
   -0.0022925866696689927,
   0.0060966506162097416,
   -0.007323025778565304
  ],
  "is_alpha": [
   -0.013008519921562229,
   0.012972314051515698,
   0.01811355562985608,
   -0.014195292266629633,
   -0.0023275819606406304,
   0.0058818878713284535,
   -0.002186645342807688,
   0.011930699509678573,
   0.007709238575864372,
   0.010969995008753057,
   0.013010468144860971,
   0.0024577925730827174,
   0.01052239174974775,
   0.0011706389399437126,
   0.0019344284834837454,
   -0.0069216699894123325
  ],
  "is_break": [
   0.016251043181348936,
   -0.014451045174393332,
   -0.020234069868399356,
   0.014918835816621234,
   0.002357921565675081,
   -0.008134140099385167,
   0.0013910987392354458,
   -0.014333178944024076,
   -0.010054253177005095,
   -0.013540017320355757,
   -0.013469570642992628,
   -0.0035636380572030904,
   -0.012915175152661513,
   -0.0033448858865052816,
   -0.004052404069869085,
   0.010339432840854498
  ]
 },
 "ablation": {
  "base_ce_posterior_bits": 2.7242157012224197,
  "delta_ce_per_bit": [
   0.0009834766387939453,
   0.0026807785034179688,
   -0.0009307861328125,
   -0.005496501922607422,
   -0.0026421546936035156,
   0.36933445930480957,
   -0.003057718276977539,
   -0.00031065940856933594,
   -0.003198862075805664,
   0.3717336654663086,
   -0.0006890296936035156,
   -0.0005948543548583984,
   -0.002923727035522461,
   0.3803110122680664,
   -0.001445770263671875,
   -0.0028259754180908203
  ]
 },
 "steering": {
  "intra_pattern_jaccard3_mean": 0.0012734494731490402,
  "inter_pattern_jaccard3_mean": 0.0012441572626287552,
  "n_intra_pairs": 72,
  "n_inter_pairs": 192,
  "examples": {
   "The most important thing to understand about": {
    "fixed_pattern0": [
     " \u201cgenius\u201d in the context of the Bible is that it is only mentioned in one breath as the author.\nAs for how \u201cphonemes or the phonic term, the word in the first verse of Genesis comes to pass,\u201d Jesus explained. And from that point on, the meaning of \u201csingular\u201d is quite straightforward.\n- \u201cThe sounds of the tongue must be accompanied by sounds.\u201d\n- \u201cIt is therefore safe that there are fewer sounds in the tongue while pronouncing the syllables of speech. It",
     " the stars is that stars within the star itself have a small gravitational field. This means they can pass through the center of the sun and experience its light. It\u2019s a little like having a butterfly in your hand. It can\u2019t interact with the light and it needs to go through its entire life for the rest of its existence. It doesn\u2019t need to be in a giant or luminous orbit to get the light. Stars in the star have a similar spectrum of light with no moving objects. However their light is moving through their environment much more rapidly. This is because"
    ],
    "fixed_pattern1": [
     " this is that the \"soul\" has the ability to fulfill both the needs of the individual and of society.\nThe \"soul\" is a collective effort to perform the required human activities required in order to fulfill the social needs of society.\nThese functions include (1) to fulfill the needs of the society, (2) to fulfill the needs of society and to the individual,\n- \"I am a social animal\";\n- \"I am not a biological species but an animal.\"\nThe human being is a social animal. The human being must be a human being to fulfill",
     " them is that they are, like all forms of wildlife, unique to each of the three great apes. They are all the same species.\nThe first was a chimpanzee. He was a gorilla.\nSome monkeys live only one-to-many lives, others are the same species. Some species even live more than 20 years.\nA few of the more common species are the monkeys and other species found on the ground. Some are even hunted and eaten.\nMore primates (though not much!) are found on the ground. The monkeys live so long there is a little space between them"
    ],
    "resampled": [
     " coronavirus is that it is an infectious disease. It is the same virus that affected a human being, but its symptoms, symptoms, or treatment are the same. It is an important cause of coronavirus that has been the cause of the global pandemic. It is a respiratory disease of the respiratory and circulatory system in the human body, and has been affecting humans for decades.\nOur bodies have no way to remove coronavirus. It has been around since the 1930s, when there was a mass outbreak of the coronavirus in the world. Even though it was a",
     " our bodies is that there are certain tissues in our body that support them. Our bodies produce the most of these vital compounds and they are intimately connected with each other. Longevity is about health, and longevity and longevity we want.\nSo, in order to get the most out of the body care we need to have a health routine, it is important that we understand our body functions. Our bodies function well, and our mind and body are both powerful and strong; they provide the strength we need for a long, healthy, robust, and happy life. That\u2019s the essence of human"
    ]
   },