{
 "ckpt": "runs/ft124m_free_k1_s3/best.pt",
 "H": 16,
 "kappa_bits": 1.0,
 "bit_stats": {
  "mean_p": [
   0.5005983114242554,
   0.49794209003448486,
   0.4949387311935425,
   0.517877459526062,
   0.5068104863166809,
   0.5110530257225037,
   0.5042182803153992,
   0.5039446949958801,
   0.49808934330940247,
   0.4946301579475403,
   0.49770256876945496,
   0.49517765641212463,
   0.4922477900981903,
   0.4912090301513672,
   0.49759727716445923,
   0.5005567073822021
  ],
  "hardness": [
   0.0,
   0.0,
   0.0,
   0.38672688603401184,
   0.0,
   2.0345053144410485e-06,
   0.0,
   0.0,
   0.0,
   0.0,
   0.0,
   0.0,
   0.0,
   0.0,
   0.0,
   0.0
  ],
  "kl_bits": [
   2.216412894995301e-06,
   1.9621091269073077e-05,
   0.043376363813877106,
   0.3648917078971863,
   0.10588639229536057,
   0.19750231504440308,
   0.011049693450331688,
   0.020479820668697357,
   1.4007866411702707e-05,
   0.023995494470000267,
   0.0060049546882510185,
   0.015860388055443764,
   0.13790705800056458,
   0.07084310054779053,
   1.945093390531838e-05,
   1.1220666237932164e-05
  ],
  "temporal_coherence": [
   0.7213200330734253,
   0.8159824013710022,
   0.5253950953483582,
   0.533137857913971,
   0.5321195721626282,
   0.531180739402771,
   0.5348749756813049,
   0.5242974162101746,
   0.984874963760376,
   0.5306268334388733,
   0.5272299647331238,
   0.5384998917579651,
   0.5334901213645935,
   0.5333577990531921,
   0.999812662601471,
   0.5248106122016907
  ]
 },
 "bit_feature_corr": {
  "position": [
   -0.002706575865663501,
   0.021038796049355477,
   0.012812736978539001,
   0.003618596007045508,
   -0.012334330317840675,
   -0.013012679134752042,
   -0.016970857218975566,
   -0.014497422803914998,
   -0.0033538628292171468,
   0.01890596335325537,
   0.016147625597340242,
   0.01565905598250682,
   0.011651001264563362,
   -0.003599711120296786,
   -0.001224546434126003,
   -0.003483230935590165
  ],
  "starts_space": [
   -0.027289019502344622,
   -0.011268776145624722,
   -0.024019727620587756,
   0.015216082003642035,
   0.02396733096930646,
   0.023664419048428892,
   0.018381630336115586,
   0.025212722222912105,
   -0.004734333208399948,
   -0.02331075058698327,
   -0.024576473311136382,
   -0.016382655061323012,
   -0.022153093585949458,
   -0.015408756846269724,
   -0.00639972068622076,
   0.009131565579307605
  ],
  "is_alpha": [
   -0.02133703177364679,
   -0.006339229058110055,
   -0.01663862587539245,
   0.012344495300297825,
   0.01873355754782507,
   0.01910094257105833,
   0.009525961795411297,
   0.016323658515619822,
   -0.00651827095662146,
   -0.012156881831928222,
   -0.015675916756928587,
   -0.011184724510988439,
   -0.01738111414772068,
   -0.01333508542899265,
   -0.008962799506948158,
   0.01189449847275223
  ],
  "is_break": [
   0.020290267926194795,
   0.00895318259115795,
   0.01657066422263983,
   -0.013200783044177279,
   -0.01943479548332475,
   -0.019745057224402982,
   -0.01249035307991925,
   -0.01670005866915743,
   0.00456152380866799,
   0.014077479643047919,
   0.01745102950990282,
   0.013657080761825901,
   0.018387510854696566,
   0.013969852585833845,
   0.009672815612856881,
   -0.010735175538354331
  ]
 },
 "ablation": {
  "base_ce_posterior_bits": 2.802544042468071,
  "delta_ce_per_bit": [
   -0.0038290023803710938,
   -0.0006608963012695312,
   0.02189803123474121,
   0.4517052173614502,
   0.06953001022338867,
   0.1521916389465332,
   0.002862215042114258,
   0.011035919189453125,
   -0.003048419952392578,
   0.013352632522583008,
   0.004891872406005859,
   0.008045434951782227,
   0.09733724594116211,
   0.04132413864135742,
   -0.0047223567962646484,
   -0.001111745834350586
  ]
 },
 "steering": {
  "intra_pattern_jaccard3_mean": 0.0009398799704033357,
  "inter_pattern_jaccard3_mean": 0.0014787343839583916,
  "n_intra_pairs": 72,
  "n_inter_pairs": 192,
  "examples": {
   "The most important thing to understand about": {
    "fixed_pattern0": [
     " the food chain is that it will be so long, and that it is not a fully developed one, as it will be a self-sustaining one. It is a complex system, trying to develop and maintain ways of sustaining these basic systems in the world. In particular, we need to understand how our food system reacts to different external environments:\n- The temperature - the temperature of the air is more important than the air temperature and the temperature of the air does not change the same. A warmer atmosphere can 'leak' to the air.\n- The temperature - the temperature of",
     " this and how, as with all the other things in the world, the fact that they all exist as part of an idea, is to make them clear. However, the reader will learn that there is one part that you can't do to ensure your understanding, and that is because you need to make it clear before you start writing.\nThere is a point that every writer makes when writing a literature essay. If you really want to put a character in the essay, be sure to ask. Write a story that is well-known, relevant, relevant, and unique. It's hard to"
    ],
    "fixed_pattern1": [
     " the various variables involved, however, is the relationship between the variables rather than the statistical data themselves (or, more simply, the statistical data).\nWhat is the purpose of the program?\nThe purpose of the program is to increase data throughput, as the result of the many steps to which the program already has already been built, and to provide access to the system and all the data we have, to the extent that it will be able to enable automated analysis and analysis, by providing new features (like the new \u201cvital\u201d tab) as well as providing new information (in",
     " the health of this country is that there is no shortage of children under the age of five and the infant mortality rate in the US is very high. The statistics are very uneven. Some of these cases are not represented by the general increase in the deaths due to lead poisoning or the use of lead in hard-to-reach areas, but the percentage with the general increase in cases is at least 1 in 20-40% (from 1 in 5,000 cases in 1991 to 3,000 cases in 2000), and the infant mortality ratio, or absolute mortality, over the span of two years,"
    ],
    "resampled": [
     " the concept of sleep is that the brain is like a \"snout\" in a frenetic fashion. These snouts are always in the air and you get a good night's sleep. Not sleeping like you were born with it. A lot of the time these snouts are born with a lot of food and a lot of sleep because of what are called the \"sleep brain\" and how the brain grows. Most of us are born with a constant craving to sleep, but you can usually sleep for 12 hours. A little sleep, or a lot of, will help your brain. When you",
     " them is that they exist on a continuum from one state to the next in the world, as if they were also a single individual.\nThe \u201ctime has come,\u201d as I have written with my friend, who was the founder of The Future Earth Club. The time has come to change that, and so has humanity itself. The time comes to change that.\nThe time has come to change everything that exists on a social scale. How come there is no one time that is also one time that is different from the time before, for each one is different from the others,"
    ]
   },